streamer,href,media visualizaciones,horas stream,maximo historico,aumento followers,total followers,contenido principal
Jynxzi,/jynxzi,97831,111.0,202569,708467,4872910,Tom Clancy's Rainbow Six Siege
ibai,/ibai,78200,117.6,3442745,67288,15483385,Just Chatting
KaiCenat,/kaicenat,60974,110.5,348593,304962,9188458,Just Chatting
auronplay,/auronplay,67954,83.6,602038,76889,16159377,Minecraft
caseoh_,/caseoh_,62387,97.3,110574,646878,3084552,NBA 2K23
Gaules,/gaules,14340,714.2,707648,14920,4065385,Counter-Strike
RevedTV,/revedtv,94462,6.4,124351,25123,1090301,Just Chatting
Nix,/nix,45016,113.5,246261,32289,762394,Dota 2
Rainbow6,/rainbow6,43198,117.3,191703,104880,2760425,Tom Clancy's Rainbow Six Siege
Papaplatte,/papaplatte,31299,198.6,120011,82516,2210769,Just Chatting
fps_shaka,/fps_shaka,22745,313.6,125341,15089,1372810,PUBG: BATTLEGROUNDS
tarik,/tarik,34787,166.5,215660,41449,2994028,VALORANT
加藤純一です,/kato_junichi0817,28966,210.6,241593,18960,895844,Apex Legends
Baiano,/baiano,10041,718.1,154553,13404,969464,League of Legends
BALLERLEAGUE,/ballerleague,56735,31.8,96956,64810,186878,Sports
dota2_paragon_ru,/dota2_paragon_ru,37472,102.7,263498,26950,261860,Dota 2
Caedrel,/caedrel,22269,240.5,185921,29190,687197,League of Legends
Kamet0,/kamet0,27590,167.5,419458,23593,1846685,League of Legends
eliasn97,/eliasn97,22575,225.2,189931,22642,1796956,Just Chatting
xQc,/xqc,39040,78.5,278176,1273,11981423,Overwatch
PGL,/pgl,27942,141.5,649414,88447,1591065,Counter-Strike
mistermv,/mistermv,30671,118.0,80340,11315,876902,Teamfight Tactics
ohnePixel,/ohnepixel,27504,141.8,236159,45165,1125256,Counter-Strike
summit1g,/summit1g,15563,334.5,310998,7241,6250897,Grand Theft Auto V
IlloJuan,/illojuan,41283,53.8,205005,31765,4003953,Just Chatting
imantado,/imantado,19082,240.7,40608,100852,823295,Just Chatting
kingsleagueamericas,/kingsleagueamericas,50683,20.8,77408,163040,351034,Sports
Lord_Kebun,/lord_kebun,19945,217.0,41472,26415,625952,Grand Theft Auto V
kingsleague,/kingsleague,37263,63.1,1098636,16183,3053977,Sports
HasanAbi,/hasanabi,18920,231.6,226974,-440,2562142,Just Chatting
VALORANT_Americas,/valorant_americas,35211,70.1,69211,121664,686442,VALORANT
らっだぁ,/raderaderader,23712,151.2,69696,14846,650917,Grand Theft Auto V
EsfandTV,/esfandtv,11695,417.7,61987,22502,1340307,World of Warcraft
VALORANT_jpn,/valorant_jpn,25604,118.8,113833,30360,527791,VALORANT
MontanaBlack88,/montanablack88,31203,77.2,202216,30077,5287252,Just Chatting
Squeezie,/squeezie,38441,40.9,1340960,41661,4941413,Just Chatting
loltyler1,/loltyler1,17457,217.3,368484,6251,5299601,League of Legends
LEC,/lec,28863,85.1,400312,12807,2036848,League of Legends
JonVlogs,/jonvlogs,23301,126.0,152201,84181,1909965,Grand Theft Auto V
zackrawrr,/zackrawrr,19873,165.3,204144,33545,1725516,World of Warcraft
LIRIK,/lirik,18884,173.3,89170,5859,2962617,Just Chatting
GRONKH,/gronkh,19013,171.1,115784,9325,1652633,Just Chatting
TheGrefg,/thegrefg,27322,85.1,2470347,54804,11881304,Just Chatting
LCK,/lck,25776,93.5,307586,22941,1832880,League of Legends
Clix,/clix,19774,154.6,130208,193518,7272712,Fortnite
just_ns,/just_ns,17901,182.0,114216,16839,727256,Dota 2
ESLCS,/eslcs,6844,648.6,562080,51557,6271942,Counter-Strike
MrSavage,/mrsavage,23384,110.3,127414,187761,3954233,Fortnite
otplol_,/otplol_,6197,718.7,204072,8852,713770,League of Legends
Mizkif,/mizkif,28973,65.2,192216,3019,2077162,Just Chatting
叶ちゃんねる,/kanae_2434,15522,210.1,57430,19900,540100,Grand Theft Auto V
ファン太,/fantasista_jp,14660,227.4,46884,7671,248209,Grand Theft Auto V
buster,/buster,25043,86.6,196574,47841,3890978,Just Chatting
Gotaga,/gotaga,20241,131.3,405271,27119,4293517,Fortnite
betboom_eng,/betboom_eng,22945,101.8,61150,29330,88726,Dota 2
NoWay4u_Sir,/noway4u_sir,12731,265.5,49218,5938,663602,League of Legends
Rubius,/rubius,21480,111.5,372079,45509,14869364,Just Chatting
Elraenn,/elraenn,28938,52.2,163915,43990,4609445,Just Chatting
QTCinderella,/qtcinderella,23012,91.2,381436,62205,1015108,Just Chatting
loud_coringa,/loud_coringa,22399,89.5,307450,71041,5091822,Grand Theft Auto V
Cellbit,/cellbit,21847,92.9,215165,26859,3323097,Just Chatting
k4sen,/k4sen,21097,97.2,114565,16709,740208,League of Legends
shroud,/shroud,14959,182.2,516289,49832,10799196,PUBG: BATTLEGROUNDS
PaulinhoLOKObr,/paulinholokobr,24402,66.3,266793,35843,2815492,Grand Theft Auto V
CapcomFighters,/capcomfighters,23947,68.5,108815,11818,436512,Street Fighter V
betboom_ru,/betboom_ru,13666,196.1,116495,21886,349268,Dota 2
ElMariana,/elmariana,21537,81.8,159115,89289,9377723,Just Chatting
RocketLeague,/rocketleague,22390,71.8,259144,26390,4175402,Rocket League
JLTomy,/jltomy,13141,198.5,261719,6640,1237142,Grand Theft Auto V
Mixwell,/mixwell,13748,184.4,87546,17052,1069376,VALORANT
Tumblurr,/tumblurr,19631,93.3,47393,16463,1437937,Just Chatting
Emiru,/emiru,22163,64.6,59377,27710,1428637,League of Legends
Quin69,/quin69,11436,228.7,44153,7820,826486,Path of Exile
Maximilian_DOOD,/maximilian_dood,12323,202.6,62310,15623,1268663,Just Chatting
s0mcs,/s0mcs,10147,267.2,44008,32520,1061454,VALORANT
alanzoka,/alanzoka,15408,135.8,147051,48920,6964923,Just Chatting
TSM_ImperialHal,/tsm_imperialhal,14217,152.4,108815,15289,1988414,Apex Legends
MOONMOON,/moonmoon,13336,167.5,42066,10179,1184615,Overwatch
ESL_DOTA2,/esl_dota2,4493,704.4,263970,12819,764153,Dota 2
HandIOfIBlood,/handiofiblood,13485,160.3,65007,58451,1058590,PUBG: BATTLEGROUNDS
Mongraal,/mongraal,15781,120.2,140446,146579,6769876,Fortnite
Gorgc,/gorgc,10344,240.5,93988,2769,710719,Dota 2
DessT3,/desst3,11321,205.6,26299,66276,493696,Grand Theft Auto V
elxokas,/elxokas,18464,83.0,1208144,54268,3886303,World of Warcraft
im_mittiii,/im_mittiii,11189,207.2,38681,19201,245477,VALORANT
gabepeixe,/gabepeixe,11643,193.3,101307,28706,1467333,Just Chatting
Ramee,/ramee,11013,210.3,41892,17355,574475,Grand Theft Auto V
sodapoppin,/sodapoppin,12221,169.8,110052,-1143,8886026,World of Warcraft
ElSpreen,/elspreen,20686,51.8,403954,74646,9090372,Just Chatting
ElZeein,/elzeein,7023,366.5,41203,39808,528634,Just Chatting
Warframe,/warframe,27153,12.2,433736,10860,2048254,Warframe
telefe,/telefe,9064,255.5,76912,54310,504751,Just Chatting
bratishkinoff,/bratishkinoff,14305,120.1,146916,37068,2810559,Just Chatting
Jasper7se,/jasper7se,11131,180.8,51453,21030,601228,VALORANT
はんじょう,/hanjoudesu,11935,160.7,30536,14661,244602,Apex Legends
VALORANT_Pacific,/valorant_pacific,18277,66.2,48075,65859,256401,VALORANT
LCS,/lcs,18788,60.4,400429,6008,1970845,League of Legends
Fortnite,/fortnite,19961,49.9,700529,143565,5822051,Fortnite
zubarefff,/zubarefff,22135,34.0,69039,68753,1668095,Just Chatting
IzakOOO,/izakooo,11522,167.2,116805,16100,1928012,Counter-Strike
xCry,/xcry,21965,34.6,606851,47886,3240607,Just Chatting
s1mple,/s1mple,23608,22.9,73680,44685,3695891,Counter-Strike
QuackityToo,/quackitytoo,26341,8.8,140697,9017,4604806,Minecraft
VALORANT_BR,/valorant_br,17166,67.2,150096,28273,726702,VALORANT
Thebausffs,/thebausffs,13076,120.2,47879,11706,1212882,League of Legends
evelone2004,/evelone2004,17858,57.4,56415,26938,727951,Just Chatting
Warcraft,/warcraft,15790,78.4,98596,17805,788503,World of Warcraft
Quackity,/quackity,24593,8.8,381550,14037,6328015,Minecraft
casimito,/casimito,14598,90.6,534644,16805,3819356,Just Chatting
davooxeneize,/davooxeneize,11634,138.8,70524,66404,1759756,Just Chatting
LuquEt4,/luquet4,13515,103.9,111307,16434,1713674,Grand Theft Auto V
Amar,/amar,12588,118.2,183300,47180,1697599,Fortnite
Reborn,/reborn,11112,146.8,113707,36652,2591069,Just Chatting
bySL4M,/bysl4m,11469,138.6,106769,29625,281563,Counter-Strike
rivers_gg,/rivers_gg,16915,57.3,213846,78813,5855149,Just Chatting
CohhCarnage,/cohhcarnage,9625,180.8,70985,8137,1565150,Path of Exile
ExtraEmily,/extraemily,14106,87.5,43132,16619,340705,Just Chatting
iiTzTimmy,/iitztimmy,8711,208.9,138482,29843,2811666,Apex Legends
mrbluwu,/mrbluwu,3348,720.0,15228,7252,65430,Call of Duty: Black Ops 4
Shlorox,/shlorox,4608,490.1,21757,3434,418074,Grand Theft Auto V
Roier,/roier,15589,66.1,300741,26075,2378692,Just Chatting
PirateSoftware,/piratesoftware,8445,215.8,18515,68386,449810,Software and Game Development
knekro,/knekro,9754,170.2,60150,7147,1122822,Just Chatting
AussieAntics,/aussieantics,8704,202.7,43924,53113,1187164,Fortnite
WonBlack_,/wonblack_,23426,5.2,26273,181,18658,VALORANT
VALORANT_EMEA,/valorant_emea,12309,110.0,102377,64996,510178,VALORANT
CR_VanilLa,/cr_vanilla,9988,161.2,21565,22400,202015,Grand Theft Auto V
lolpacifictw,/lolpacifictw,15087,66.5,165491,1512,270846,League of Legends
DjMaRiiO,/djmariio,14231,76.0,91279,54065,1386144,EA Sports FC 24
Elajjaz,/elajjaz,8131,215.4,22282,1797,475454,Dark Souls
shadowkekw,/shadowkekw,14189,70.4,40573,21100,466083,Just Chatting
Recrent,/recrent,7609,222.5,47737,42727,1163696,PUBG: BATTLEGROUNDS
donk1221,/donk1221,21159,8.1,35990,114916,152074,Counter-Strike
NiceWigg,/nicewigg,10369,131.6,71033,12173,773373,Apex Legends
Nikof,/nikof,15928,46.2,49971,12861,627843,Fortnite
YoungMulti,/youngmulti,13200,78.3,33776,21268,1084172,Just Chatting
Bkinho,/bkinho,9818,140.8,33020,21158,245088,Grand Theft Auto V
WarThunder_eSports,/warthunder_esports,17951,26.3,31907,39334,117276,War Thunder
Kyedae,/kyedae,9164,157.6,107583,37045,2728314,VALORANT
Trymacs,/trymacs,11494,102.1,365000,12348,3523921,Fortnite
juanicar_,/juanicar_,18371,21.2,39445,124928,180680,Just Chatting
LVNDMARK,/lvndmark,7761,199.7,165048,12290,1217412,Escape from Tarkov
xRohat,/xrohat,6442,257.8,67456,22512,1004398,Grand Theft Auto V
TcK10,/tck10,7320,213.1,38257,26893,425093,VALORANT
ZeratoR,/zerator,10577,111.5,707071,372,1542225,World of Warcraft
ごっちゃんマイキー,/gocchanmikey,7237,214.0,37372,16315,129313,Grand Theft Auto V
DiarioMARCA,/diariomarca,19283,10.6,121883,177,34189,Sports
pgl_cs2,/pgl_cs2,12391,76.5,174457,39530,429037,Counter-Strike
sasavot,/sasavot,10602,102.9,32938,62331,402984,Dota 2
Simurgh,/simurgh,12635,68.1,47082,3410,1473358,Ashes of Creation
T90Official,/t90official,8070,168.8,63954,9810,249126,Age of Empires II
ironmouse,/ironmouse,7480,187.6,32665,25767,1896406,Just Chatting
JesusAVGN,/jesusavgn,9459,123.8,106667,1989,1761358,Just Chatting
sasatikk,/sasatikk,8198,159.7,41391,9550,327452,Escape from Tarkov
Domingo,/domingo,11404,83.2,204966,4721,1744697,Just Chatting
NNOPrime,/nnoprime,18217,10.4,38583,3623,84948,League of Legends
thek4sen,/thek4sen,18495,8.5,24306,13517,42066,League of Legends
AdmiralBahroo,/admiralbahroo,6447,228.8,52399,987,841333,Dead by Daylight
MartinCirioOk,/martinciriook,14144,42.1,30882,13408,158561,Just Chatting
forsen,/forsen,7948,160.1,80860,671,1739074,Minecraft
EAMaddenNFL,/eamaddennfl,17272,13.5,97361,15629,677268,Madden NFL 21
Tolkin,/tolkin,6179,235.9,49219,5488,295061,League of Legends
k3soju,/k3soju,11659,72.3,30882,837,563258,Teamfight Tactics
AntoineDaniel,/antoinedaniel,10061,101.4,74618,4053,1030000,GeoGuessr
Rainbow6BR,/rainbow6br,9399,115.5,87521,13258,609012,Tom Clancy's Rainbow Six Siege
柊ツルギ,/hiiragitsurugi,6510,214.9,66755,11443,143629,Grand Theft Auto V
betboom_ru2,/betboom_ru2,13059,50.7,70416,14824,132226,Dota 2
betboom_eng2,/betboom_eng2,13573,43.5,36709,16414,32417,Dota 2
Tikyjr,/tikyjr,8320,138.9,34425,15409,170063,League of Legends
StRoGo1337,/strogo1337,9648,104.1,54818,94243,572680,Just Chatting
ESL_Dota2Ember,/esl_dota2ember,13786,38.8,148635,4040,599243,Dota 2
Etoiles,/etoiles,8712,125.7,242237,12641,1098560,Just Chatting
genesisgg,/genesisgg,13994,35.9,45092,36950,42163,Super Smash Bros. Melee
stylishnoob4,/stylishnoob4,16343,14.6,112628,1203,1041241,Apex Legends
UniversoReality_EC,/universoreality_ec,5677,248.3,22185,17346,39815,Just Chatting
QuickyBaby,/quickybaby,6785,189.6,25201,6190,605398,World of Tanks
Agent00,/agent00,8738,121.3,128313,31508,1433359,Just Chatting
Fanum,/fanum,9891,93.9,45268,67508,1927865,Grand Theft Auto V
HisWattson,/hiswattson,5624,239.1,21393,23114,692427,Apex Legends
juansguarnizo,/juansguarnizo,8427,120.4,409967,4512,11170234,Just Chatting
Unboxholics,/unboxholics,15571,14.1,63584,2386,453078,Variety
OverwatchContenders,/overwatchcontenders,16472,6.6,42510,1290,665964,Overwatch
rezonfn,/rezonfn,7532,145.1,65422,95112,862453,Fortnite
yuuri22,/yuuri22,12003,49.6,39242,41654,280524,Just Chatting
BastiGHG,/bastighg,6931,167.1,62507,28009,1720830,Minecraft
NeVeR_LosEs,/never_loses,7522,144.6,14244,2634,285055,League of Legends
RRaenee,/rraenee,12591,41.6,25337,31480,1229694,Just Chatting
HoneyMad,/honeymad,13255,31.7,35127,2793,736094,Just Chatting
angryginge13,/angryginge13,7681,134.7,25899,21556,766869,Grand Theft Auto V
Tubbo,/tubbo,7058,154.4,332671,1270,5243510,Minecraft
mondo2244,/mondo2244,6477,178.1,26160,7809,198402,Grand Theft Auto V
CBLOL,/cblol,8453,110.3,281184,3655,1612424,League of Legends
TenZ,/tenz,13138,31.4,85010,25454,3763957,VALORANT
Aydan,/aydan,5514,227.5,77954,25006,3069211,Call of Duty: Warzone
plaqueboymax,/plaqueboymax,8552,107.0,19895,26368,642889,Just Chatting
m0NESYof,/m0nesyof,16049,5.0,28407,14146,966376,Counter-Strike
GamerBrother,/gamerbrother,9606,82.4,76709,5081,556696,FIFA 23
triiisecta,/triiisecta,15711,6.9,27474,26450,103959,Just Chatting
랄로,/aba4647,6706,164.7,57993,1796,686830,League of Legends
scump,/scump,8392,108.4,176972,13030,1661474,Call of Duty: Warzone
Pauleta_Twitch,/pauleta_twitch,8422,107.6,42305,10052,594759,Just Chatting
PaymoneyWubby,/paymoneywubby,13193,27.6,44403,945,627456,Just Chatting
NICKMERCS,/nickmercs,10973,55.0,371232,3708,6717545,Fortnite
ow_uruca,/ow_uruca,6404,172.2,20345,12774,217699,League of Legends
brtt,/brtt,5499,218.5,35436,9700,974203,League of Legends
Bonjwa,/bonjwa,4750,269.9,33444,336,236538,Just Chatting
Coreano,/coreano,4302,305.7,62371,11227,691366,VALORANT
PENTA,/penta,6081,183.0,22781,71,360181,Grand Theft Auto V
GOFNS,/gofns,5550,209.8,25723,31445,224720,VALORANT
赤見かるび,/akamikarubi,5956,184.2,43617,13781,440745,VALORANT
alondrissa,/alondrissa,8947,85.1,17040,123932,323677,Just Chatting
sinatraa,/sinatraa,5339,217.2,45093,11587,1861971,VALORANT
LPL,/lpl,9333,76.7,149720,7915,1016391,League of Legends
des0ut,/des0ut,6061,177.9,22215,21377,454954,PUBG: BATTLEGROUNDS
H2P_Gucio,/h2p_gucio,6622,150.8,61218,4925,410697,Just Chatting
AsianJeff,/asianjeff,5817,186.5,26787,189619,1394103,Fortnite
Flats,/flats,4802,249.0,22525,26539,621500,Overwatch
LLA,/lla,10112,59.9,302299,4198,672372,League of Legends
橘ひなの,/hinanotachiba7,6256,165.3,29282,15733,421725,VALORANT
Leb1ga,/leb1ga,13432,17.1,42350,10826,290306,Just Chatting
esports_rage,/esports_rage,11050,44.7,74276,6525,190895,Apex Legends
Northernlion,/northernlion,8845,83.1,50421,6220,651274,Super Auto Pets
CDawgVA,/cdawgva,8838,82.8,77752,17869,1208658,Just Chatting
ゆゆうた押忍,/yuyuta0702,5941,176.9,24365,5265,245437,Just Chatting
Magic,/magic,12160,29.0,125980,4216,466041,Magic: The Gathering
RDjavi,/rdjavi,11084,42.4,22184,32933,685284,Grand Theft Auto V
Jolavanille,/jolavanille,6548,148.4,26292,20610,606775,Fortnite
Llobeti4,/llobeti4,13645,12.8,36212,9745,1565328,Fortnite
CR_rion,/cr_rion,7312,119.3,36595,8752,221037,VALORANT
Lacy,/lacy,5541,189.2,23266,45775,391054,Fortnite
Zentreya,/zentreya,4994,215.9,25817,10087,480181,Just Chatting
Grendy,/grendy,7224,114.9,12786,2725,184164,Grand Theft Auto V
ow_esports__,/ow_esports__,10884,38.2,373393,15752,1877886,Overwatch
Jinnytty,/jinnytty,5292,193.8,26902,6238,994364,Just Chatting
mira,/mira,1965,709.2,9522,30646,579203,Just Chatting
Philza,/philza,8468,79.1,162626,-1052,4351186,Minecraft
Dmitry_Lixxx,/dmitry_lixxx,7022,117.9,31463,22611,1360102,Just Chatting
imaqtpie,/imaqtpie,4795,224.1,77541,6371,2582051,League of Legends
xmerghani,/xmerghani,10631,39.8,27938,14329,537571,Grand Theft Auto V
VooDooSh,/voodoosh,4654,233.3,52516,6680,359018,Heroes of Might and Magic III: The Restoration of Erathia
MaximeBiaggi,/maximebiaggi,10392,42.4,187871,16165,651186,Minecraft
LenaGol0vach,/lenagol0vach,7736,94.8,22916,8362,558118,Hearthstone
老皮,/mobilmobil,6121,147.5,20032,1273,545107,Talk Shows & Podcasts
Stray228,/stray228,8009,85.7,49312,12069,1571029,Dota 2
TheRealMarzaa,/therealmarzaa,4779,218.7,40183,17371,1457609,Fortnite
skywhywalker,/skywhywalker,8902,65.7,30445,23366,772315,Counter-Strike
BUXEXA_str,/buxexa_str,1958,691.6,2988,452,1783,Virtual Casino
RazaH,/razah,4600,230.6,16719,6445,205430,Tom Clancy's Rainbow Six Siege
asianbunnyx,/asianbunnyx,6619,126.2,22476,31727,813124,"Pools, Hot Tubs, and Beaches"
Shylily,/shylily,5868,156.5,33922,27795,1328992,Just Chatting
Kamito_JP,/kamito_jp,4978,204.3,18959,9630,261289,Apex Legends
羅傑,/roger9527,7389,100.3,20669,2275,188895,Hearthstone
Hype,/hype,13328,6.1,83333,174,792834,Just Chatting
Mande,/mande,4900,207.0,19168,14174,597843,Apex Legends
らいじん,/alfrea,5125,191.5,25701,8106,166096,League of Legends
Jahrein,/jahrein,11130,28.2,316703,514,1910665,Just Chatting
Jolygolf,/jolygolf,11543,22.9,49374,10063,474387,Talk Shows & Podcasts
Foolish,/foolish,6168,139.2,133517,2990,2190976,Minecraft
Joueur_du_Grenier,/joueur_du_grenier,8317,73.7,181902,4892,961814,Just Chatting
Rainbow6Bravo,/rainbow6bravo,7760,85.2,77348,21762,297275,Tom Clancy's Rainbow Six Siege
Glorious_E,/glorious_e,4746,209.7,40764,7706,320457,Escape from Tarkov
Emongg,/emongg,4379,234.9,78947,11731,957181,Overwatch
Doublelift,/doublelift,6467,123.0,64735,2360,1780304,League of Legends
DougDoug,/dougdoug,9946,40.0,20469,24300,853718,Just Chatting
elded,/elded,4645,211.7,54483,3032,5577231,Just Chatting
蝦愛橘子,/shuteye_orange,1807,717.3,9944,98,174383,Just Chatting
LACOBRAAA,/lacobraaa,6827,107.8,73783,24924,882042,Just Chatting
chowh1,/chowh1,5414,162.0,59343,7142,792917,Call of Duty: Warzone
Carreraaa,/carreraaa,9638,42.2,158444,54630,4476657,Just Chatting
WankilStudio,/wankilstudio,9704,40.8,32755,5471,1235035,Just Chatting
BotezLive,/botezlive,10003,36.1,86864,4328,1278275,Chess
RebeuDeter,/rebeudeter,9673,40.9,155443,15347,1472644,Grand Theft Auto V
Zizaran,/zizaran,5363,162.1,30289,9234,433297,Path of Exile
Pobelter,/pobelter,4660,203.1,31774,9999,432372,League of Legends
MORGENSHTERN,/morgenshtern,11345,17.5,120112,30791,401020,Just Chatting
mertabimula,/mertabimula,3670,285.8,20178,25978,285912,Grand Theft Auto V
Locklear,/locklear,7136,92.6,58905,9001,2168676,Just Chatting
runthefutmarket,/runthefutmarket,6102,126.5,44274,5420,908781,FIFA 19
Drututt,/drututt,6125,124.9,35813,6243,564137,League of Legends
rostislav_999,/rostislav_999,9662,38.5,41888,14567,794349,Dota 2
Sardoche,/sardoche,4190,233.6,146958,-7141,1265787,League of Legends
Tectone,/tectone,6440,111.1,62220,5673,929359,Genshin Impact
Otzdarva,/otzdarva,5671,139.7,37035,27395,996191,Dead by Daylight
RiotGamesJP,/riotgamesjp,8611,53.2,96114,2952,302310,League of Legends
아이네_,/vo_ine,11918,7.5,31660,273,357812,Just Chatting
gamesofuture_dota2,/gamesofuture_dota2,7532,76.1,24740,22633,21202,Dota 2
Duke,/duke,11427,12.1,54669,39518,1959039,Just Chatting
Vinesauce,/vinesauce,6753,97.3,19347,3501,596781,Games + Demos
Symfuhny,/symfuhny,4633,192.4,47884,5041,3974625,Call of Duty: Warzone
YoDa,/yoda,4810,181.2,132814,1629,2438008,League of Legends
dkincc,/dkincc,10294,24.9,26337,12370,386973,Just Chatting
Franio,/franio,7102,85.8,33621,8491,422967,Just Chatting
aldo_geo,/aldo_geo,5760,131.1,53044,15989,1825506,Just Chatting
Rezo,/rezo,10937,15.9,33582,8213,634458,Just Chatting
thesketchreal,/thesketchreal,9894,28.6,28046,151946,283269,Madden NFL 24
BarbarousKing,/barbarousking,3251,312.4,25243,793,210512,Super Mario World
WorldofTanks,/worldoftanks,10338,21.8,71042,3545,457225,World of Tanks
Lysium,/lysium,4235,213.2,24124,4562,296416,Grand Theft Auto V
dota2_paragon_ru2,/dota2_paragon_ru2,9300,36.6,36263,8012,56688,Dota 2
supertf,/supertf,4493,191.5,29409,4700,632602,Overwatch
willneff,/willneff,6744,89.9,45771,14202,484084,Just Chatting
easportsfc,/easportsfc,11608,5.5,290841,9097,3488400,FIFA 21
TheRealKnossi,/therealknossi,9829,26.4,336065,1862,2328191,Slots
ギルくん,/guilty1223,3679,256.0,18886,34014,132991,VALORANT
henyathegenius,/henyathegenius,5669,127.1,37253,12039,302957,Just Chatting
GronkhTV,/gronkhtv,1622,720.2,23816,5615,550058,Variety
LVPes,/lvpes,3612,262.3,232608,331,1101189,League of Legends
DarioMocciaTwitch,/dariomocciatwitch,6103,109.2,30199,10767,564026,Just Chatting
xTheSolutionTV,/xthesolutiontv,4363,195.3,32937,5220,708200,Call of Duty: Warzone
playapex,/playapex,7524,65.6,213219,7312,1171160,Apex Legends
gerardromero,/gerardromero,5162,146.3,146872,836,713697,Sports
kussia88,/kussia88,8631,42.2,86085,27543,932769,Just Chatting
oestagiario,/oestagiario,4686,169.7,19679,5036,327329,Sports
濃いめのあかりん,/akarindao,3565,257.7,13666,10322,438683,VALORANT
Waolol1,/waolol1,4195,200.0,18418,11312,251205,League of Legends
Ayellol,/ayellol,3975,217.0,13726,9581,433370,League of Legends
Xaryu,/xaryu,4795,159.8,51524,6021,566398,World of Warcraft
Ray__C,/ray__c,4542,174.8,75789,3221,571305,Grand Theft Auto V
RocketBaguette,/rocketbaguette,7002,74.2,87718,10888,411318,Rocket League
世誠,/bbbb87,4611,170.1,19598,1349,149834,League of Legends
RDCgaming,/rdcgaming,9010,32.6,24121,6841,676774,Fortnite
kyootbot,/kyootbot,6138,97.9,15704,7910,562461,Just Chatting
DeepSakultah,/deepsakultah,6901,74.6,22528,8219,241373,Virtual Casino
ESLCSb,/eslcsb,5675,114.6,283277,9209,1217924,Counter-Strike
なるお0419,/naru0419045,4225,191.0,11819,9786,44866,Street Fighter 6
Sacriel,/sacriel,4035,204.7,66781,26462,749223,Escape from Tarkov
DiazBiffle,/diazbiffle,4826,152.9,46932,17057,677224,Call of Duty: Warzone
junioor_amoriim,/junioor_amoriim,1552,708.5,3515,266,10952,Virtual Casino
おにや,/oniyadayo,6133,95.7,31876,4039,275980,Apex Legends
RduLIVE,/rdulive,3993,205.7,13706,1448,323742,Hearthstone
Bananirou,/bananirou,6312,89.2,18259,24130,541932,Just Chatting
Nadeshot,/nadeshot,4122,195.1,89778,12302,2006879,VALORANT
Bichouu_,/bichouu_,4742,154.7,34148,7152,779919,Grand Theft Auto V
csgomc_ua,/csgomc_ua,3655,233.3,51689,9210,163589,Counter-Strike
AgustinUnaplay8,/agustinunaplay8,5616,112.3,21039,5348,274978,Dead by Daylight
RavshanN,/ravshann,7406,57.6,19746,31267,376532,Just Chatting
dafran,/dafran,4653,156.8,47608,5166,889920,Overwatch
stableronaldo,/stableronaldo,5787,103.2,76923,32090,2978242,Fortnite
cs2_paragon_ru,/cs2_paragon_ru,7006,64.2,39859,7219,111125,Counter-Strike
Jerma985,/jerma985,10508,5.5,101270,253,1425299,Just Chatting
curry,/curry,3349,253.3,10386,28312,363027,VALORANT
moistcr1tikal,/moistcr1tikal,6761,69.3,69435,29033,5280320,Just Chatting
pokelawls,/pokelawls,4293,172.9,67746,-601,1079887,Just Chatting
MissMikkaa,/missmikkaa,3842,206.0,13769,11157,308949,ELDEN RING
Faide,/faide,4197,178.9,14723,17268,1045079,Apex Legends
AQUINO,/aquino,5946,93.3,13730,17898,920193,Just Chatting
koreshzy,/koreshzy,8902,25.3,65061,18889,1728491,Just Chatting
ilrossopiubelloditwitch,/ilrossopiubelloditwitch,5099,126.9,19324,13515,348633,Just Chatting
filian,/filian,6499,75.5,38417,20848,815238,Just Chatting
WarThunder_eSports_RU,/warthunder_esports_ru,8747,27.5,15749,24884,51904,War Thunder
tteuw,/tteuw,7486,50.7,37127,12762,496332,VALORANT
dasMEHDI,/dasmehdi,2495,370.7,43983,9629,452584,Grand Theft Auto V
fanfan,/fanfan,4823,138.1,37338,10986,247297,Just Chatting
abugoku9999,/abugoku9999,4672,146.0,34917,10106,537029,Grand Theft Auto V
orslok,/orslok,6001,88.8,32649,7447,816094,Just Chatting
sneakylol,/sneakylol,2613,346.6,34565,-69,1759167,League of Legends
buddha,/buddha,9899,9.2,67137,247,883505,Grand Theft Auto V
Distortion2,/distortion2,3190,261.6,22656,2493,636613,ELDEN RING
ありさか,/cr_arisakaaa,6244,78.5,16852,8256,408753,VALORANT
Zoomaa,/zoomaa,4027,181.3,31344,3930,368892,Call of Duty: Modern Warfare II
Brawlhalla,/brawlhalla,8005,35.8,162409,12347,2047864,Brawlhalla
ぐちつぼ,/gutitubo,5032,122.1,20675,6143,254448,Minecraft
qojqva,/qojqva,3674,207.4,12041,1821,256963,Dota 2
chess24,/chess24,7521,44.3,36269,3217,192889,Chess
バトラ,/batora324,4946,124.8,13592,2060,68255,Super Mario 64
AuzioMF,/auziomf,4289,160.7,25558,11695,350966,FIFA 23
Ninja,/ninja,5908,86.2,616693,6408,19018157,Fortnite
LetsHugoTV,/letshugotv,4529,145.8,25755,30554,863001,Minecraft
4HEAD,/4head,2835,297.9,8008,7604,92960,Grand Theft Auto V
Oatley,/oatley,3464,221.3,21683,23658,485564,Fortnite
TwitchRivals,/twitchrivals,8956,17.2,189150,60,2435924,League of Legends
FaZeSway,/fazesway,1815,521.7,16761,27761,1258865,Fortnite
Eray,/eray,9412,11.0,37198,1204,1070266,Just Chatting
ChilledChaos,/chilledchaos,5069,114.8,23613,1495,454981,Among Us
Jordan_Semih,/jordan_semih,6958,53.4,15540,28883,226660,Just Chatting
Skermz,/skermz,4992,117.7,7867,26679,220948,Dead by Daylight
erobb221,/erobb221,4516,141.6,34103,650,465385,Just Chatting
ESL_Dota2Storm,/esl_dota2storm,7534,40.2,69232,3804,200362,Dota 2
watsondoto,/watsondoto,6040,77.1,13872,16273,176788,Dota 2
HutchMF,/hutchmf,4052,168.7,19064,4877,343780,Grand Theft Auto V
Giggand,/giggand,9123,12.5,21051,20967,570699,Grand Theft Auto V
k1ng,/k1ng,7675,35.7,59139,23241,2014507,Fortnite
2okos,/2okos,6700,56.8,48892,18192,198149,Just Chatting
IJenz,/ijenz,1357,716.5,4212,15993,1000040,ASMR
morphe_ya,/morphe_ya,5813,82.1,27554,57480,377964,Just Chatting
MckyTV,/mckytv,4452,140.8,76882,4458,1373454,Fortnite
ボドカさん,/vodkavdk,3676,193.3,31541,11388,490592,VALORANT
dokibird,/dokibird,9238,9.8,10175,16196,99189,Overwatch
C_a_k_e,/c_a_k_e,3600,197.2,43277,5886,407048,Dota 2
烟花蹦蹦蹦,/hennie2001,1516,618.7,7979,3120,116702,Just Chatting
anarabdullaev,/anarabdullaev,5054,107.8,9758,21939,72687,Just Chatting
KamiKat,/kamikat,4115,156.0,18311,8265,698806,League of Legends
twitchmedia80,/twitchmedia80,5347,94.4,6957,26,50,Just Chatting
JokerdTV,/jokerdtv,3233,228.4,308086,1884,309834,World of Warcraft
shuto_fgc,/shuto_fgc,4280,145.2,15606,11791,54308,Street Fighter 6
steel,/steel,6006,71.5,26188,14021,344318,Just Chatting
fl0m,/fl0m,2904,266.0,19873,4157,873158,Counter-Strike
Broxah,/broxah,4674,121.7,19261,6607,512143,League of Legends
Nikolarn,/nikolarn,5384,90.4,81982,1634,562115,Apex Legends
serega_pirat,/serega_pirat,6812,48.0,12446,33892,208407,Dota 2
mL7support,/ml7support,3863,169.0,102052,5445,810624,Overwatch
WillerZ,/willerz,2980,251.4,98285,7638,376091,Escape from Tarkov
IWDominate,/iwdominate,4371,136.1,26774,1413,869960,League of Legends
SoyMotor,/soymotor,5698,78.1,37642,5900,173171,Sports
skill4ltu,/skill4ltu,4054,154.4,19912,3862,322936,World of Tanks
Raxxanterax,/raxxanterax,3000,246.6,16278,16358,226966,Diablo III
TisiSchubech,/tisischubech,5882,71.4,62418,2296,452703,FIFA 23
GMHikaru,/gmhikaru,8024,22.5,76963,3975,1905059,Chess
Sliggytv,/sliggytv,3089,235.4,9864,7384,84904,VALORANT
SidneyEweka,/sidneyeweka,3955,158.7,38511,13651,970780,Just Chatting
Uzra,/uzra,1487,604.6,17392,202,238256,Hearthstone
Michel,/michel,1296,710.0,57475,7051,646517,Counter-Strike
silizvlive,/silizvlive,1400,648.1,2050,59,13954,Virtual Casino
CrystalMolly,/crystalmolly,5228,92.2,16322,21206,681083,League of Legends
kickerEsport,/kickeresport,7452,31.4,19046,127,3947,FIFA 20
Chess,/chess,6839,44.1,139185,3500,1140558,Chess
VALORANT_fr,/valorant_fr,5007,100.7,18907,16041,191794,VALORANT
Michou,/michou,8130,19.1,278994,23591,1694794,Fortnite
heliN139,/helin139,5313,87.3,32908,57761,387665,Counter-Strike
餐餐自由配,/blusewilly_retry,4218,138.7,38259,637,450665,Just Chatting
StankRat_,/stankrat_,3192,218.9,40535,30056,191236,Escape from Tarkov
SmallAnt,/smallant,4350,130.7,22707,13375,1363681,Super Mario Odyssey
한갱,/woohankyung,8810,8.3,52747,868,561448,Just Chatting
AMOURANTH,/amouranth,6957,39.7,67949,-11609,6313696,ASMR
OceaneAmsler,/oceaneamsler,8550,11.6,48140,10182,327612,Just Chatting
vysotzky,/vysotzky,4598,116.7,50297,2713,380313,League of Legends
Spursito,/spursito,7776,23.5,71515,1074,1403013,Just Chatting
Ponce,/ponce,3520,185.9,102442,-1876,796821,Just Chatting
KSPKSP,/kspksp,3330,202.6,12623,2885,150932,Just Chatting
wudijo,/wudijo,2347,332.8,73253,8551,349225,Diablo III
Knut,/knut,3087,225.9,53655,5666,397816,Just Chatting
Insym,/insym,4264,132.2,24271,6106,552855,Phasmophobia
DatModz,/datmodz,2463,309.8,22824,5832,428662,Path of Exile
CYR,/cyr,4551,116.5,66152,3181,626726,Grand Theft Auto V
Codonysus,/codonysus,8674,8.4,26904,-107,500029,Counter-Strike
Staiy,/staiy,4460,120.3,17698,2101,338512,Just Chatting
edizderbreite,/edizderbreite,4751,105.7,16253,17437,285698,Grand Theft Auto V
Dantes,/dantes,3488,183.7,26272,24654,875026,League of Legends
NEEXcsgo,/neexcsgo,3039,227.1,10058,20798,257856,Counter-Strike
Morgpie,/morgpie,4653,109.1,13444,9772,315232,Just Chatting
Jackeyy,/jackeyy,4708,106.1,28436,5138,465606,Grand Theft Auto V
SUJAGG,/sujagg,4448,118.8,35252,25946,1247912,Fortnite
wtcN,/wtcn,7489,25.2,119384,481,2929754,VALORANT
melharucos,/melharucos,3365,191.6,14845,273,424569,Minecraft
valorant_la,/valorant_la,4490,115.5,50960,13796,388035,VALORANT
RealzBlueWater,/realzbluewater,3338,193.6,43644,1236,148226,Among Us
footballbromance,/footballbromance,6257,51.4,18858,4401,88860,Sports
Ssaab,/ssaab,3149,211.6,21843,7804,389538,Grand Theft Auto V
スタンミ,/sutanmi,4018,140.6,20113,7748,331894,League of Legends
Diario_AS,/diario_as,6673,40.3,14952,382,13812,Sports
ElGlogloking,/elglogloking,4731,102.0,11207,28848,291552,Just Chatting
XAROLA_,/xarola_,2674,265.4,20075,10363,271171,VALORANT
Jankos,/jankos,4935,92.7,42426,2060,1307909,League of Legends
mago2dgod,/mago2dgod,3566,170.2,50003,11853,93506,VALORANT
TANZVERBOT,/tanzverbot,5458,72.4,32258,8814,767704,Just Chatting
spkclb,/spkclb,8440,7.5,32637,2400,338679,Grand Theft Auto V
GoodTimesWithScar,/goodtimeswithscar,7444,23.3,28357,14087,495699,Minecraft
MOTHER3rd,/mother3rd,3113,209.1,37974,6003,340237,VALORANT
nl_Kripp,/nl_kripp,2862,236.7,97333,907,1516979,Hearthstone
Ben_,/ben_,3986,138.1,21989,4769,139257,Path of Exile
samueletienne,/samueletienne,4288,120.3,84968,47328,680702,Just Chatting
ゆきお2,/yukiofps14,5310,75.5,31289,2228,183710,Apex Legends
suetam1v4,/suetam1v4,4702,99.3,20202,33580,698070,Fortnite
blackoutz,/blackoutz,1206,709.0,31692,24388,1800877,Fortnite
setsuko,/setsuko,4372,114.1,15395,2860,147617,Teamfight Tactics
SkylineTVlive,/skylinetvlive,5595,64.7,30995,7002,202838,Just Chatting
fifakillvizualz,/fifakillvizualz,2704,252.1,26510,7420,533269,Call of Duty: Warzone
uglyfacekid,/uglyfacekid,4552,104.7,16477,42616,268032,Dota 2
Jay3,/jay3,3522,167.5,17522,11860,646589,Overwatch
JatyLito,/jatylito,4464,108.6,5637,55,55,Casino
Minerva,/minerva,4354,112.0,20300,7641,343647,League of Legends
imorr,/imorr,6289,43.4,22860,7116,290265,Counter-Strike
Psychoghost,/psychoghost,3790,145.1,36017,4165,175762,Hunt: Showdown
KingGothalion,/kinggothalion,3378,175.7,86264,7252,992188,Destiny 2
Levo,/levo,4790,90.8,46921,2447,853219,League of Legends
Grubby,/grubby,2870,225.0,14846,2472,623212,Warcraft III
vei,/vei,6666,33.5,37876,2992,1053333,Just Chatting
고세구___,/gosegugosegu,7304,20.6,36676,607,345034,Just Chatting
pizfn,/pizfn,2957,214.1,24961,7506,740085,Fortnite
xntentacion,/xntentacion,3341,176.1,58570,5416,313628,Just Chatting
超負荷,/sam1268,7585,15.3,18774,1940,188501,League of Legends
RTAinJapan,/rtainjapan,4932,83.2,182595,1603,401488,Games + Demos
TeePee,/teepee,2969,211.5,78741,2508,1019273,Call of Duty: Warzone
Edwin_live,/edwin_live,3826,139.1,44981,2164,481967,Grand Theft Auto V
ESAMarathon,/esamarathon,1189,693.5,35096,2115,290657,Retro
frttt,/frttt,2178,328.0,14717,14173,568205,VALORANT
mafanyatoopeyu,/mafanyatoopeyu,6080,45.7,26606,17450,260153,Just Chatting
dangerlyoha,/dangerlyoha,5971,48.4,20676,14936,841815,Counter-Strike
AvoidingThePuddle,/avoidingthepuddle,4628,94.6,20916,2275,428891,Tekken 7
GENSYXA,/gensyxa,5393,65.4,40832,34201,1188139,Just Chatting
GUACAMOLEMOLLY,/guacamolemolly,5830,52.0,22093,5815,394069,Just Chatting
boxbox,/boxbox,3736,143.3,74768,2634,2114672,Teamfight Tactics
Deansocool,/deansocool,3023,203.2,16455,8781,329981,Grand Theft Auto V
willito,/willito,6374,37.8,22884,12828,204444,Just Chatting
capcomfighters_jp,/capcomfighters_jp,5327,66.4,35064,3348,79617,Street Fighter V
kenaivsouza,/kenaivsouza,3901,131.1,7713,7984,276241,Grand Theft Auto V
LCK_Carry,/lck_carry,4751,87.4,28436,5605,55364,League of Legends
Shotzzy,/shotzzy,4585,94.3,21304,13173,450699,Call of Duty: Warzone
midbeast,/midbeast,3573,151.6,42186,3782,834138,League of Legends
ラプラスダークネス総帥,/laplusdarknesss_hololive,5487,59.4,20748,23292,320233,VALORANT
Zerkaa,/zerkaa,6210,39.5,37875,3686,1484674,Grand Theft Auto V
Kitboga,/kitboga,5856,48.0,44265,1711,1214545,Just Chatting
MeikodRJ,/meikodrj,5156,69.5,24292,7680,721619,Grand Theft Auto V
DaigoTheBeasTV,/daigothebeastv,4992,75.3,55386,5421,405124,Street Fighter V
ヘルアン,/m2_kento_heluan,2049,342.9,9832,6171,37691,Grand Theft Auto V
비챤_,/viichan6,7393,14.7,37845,255,317182,Just Chatting
三人称_ドンピシャ,/sanninshow_3ns,4971,75.7,17871,3005,123822,Apex Legends
TangoTek,/tangotek,6012,42.9,19718,9455,292183,Minecraft
Alderiate,/alderiate,4188,109.5,48159,1971,444808,League of Legends
Scurrows,/scurrows,4710,84.8,16237,3942,211017,Grand Theft Auto V
Bagi,/bagi,4690,85.4,66714,8923,992566,Just Chatting
RybsonLoL_,/rybsonlol_,2270,293.3,42224,5567,318226,League of Legends
Gustavin017,/gustavin017,1108,715.8,1563,138,37573,Virtual Casino
BlackUFA,/blackufa,3756,132.7,18921,1001,380002,Just Chatting
NASA,/nasa,7399,12.6,392939,20857,1250611,Science & Technology
robcdee,/robcdee,3323,163.9,18717,2348,312931,Just Chatting
jingggxd,/jingggxd,4139,109.6,22536,27045,513461,VALORANT
Dhalucard,/dhalucard,2682,229.3,30074,1119,542139,Dead by Daylight
ぺいんと,/peintooon,3123,181.0,18831,12068,216263,Grand Theft Auto V
BurkeBlack,/burkeblack,2706,225.6,15759,9215,321637,Just Chatting
Agraelus,/agraelus,3233,169.5,54289,8245,689577,Just Chatting
주르르,/cotton__123,7198,14.7,35570,203,307120,Just Chatting
alexelcapo,/alexelcapo,3754,130.0,108851,696,1067633,League of Legends
1GO_Casino,/1go_casino,7046,17.2,7085,11,2011,Casino
biyin_,/biyin_,6054,38.1,174435,6841,3168741,VALORANT
deusamir,/deusamir,3634,137.1,10836,24204,179358,Call of Duty: Warzone
Subroza,/subroza,3248,166.6,26866,6779,993120,VALORANT
rootthegamer,/rootthegamer,5690,47.2,44928,3329,135742,Counter-Strike
stariy_bog,/stariy_bog,3964,116.0,34103,13980,195948,Dota 2
RATIRL,/ratirl,4364,94.8,19829,1989,816660,League of Legends
EWROON,/ewroon,4349,95.3,34314,-154,914282,Grand Theft Auto V
NiklasWilson,/niklaswilson,3401,152.8,26307,11990,852911,Just Chatting
RezReel,/rezreel,5860,40.9,36296,278,1106054,ROBLOX
Nissaxter,/nissaxter,4480,87.2,17078,2828,772246,League of Legends
KubaFPS,/kubafps,3167,169.1,20711,9785,252485,VALORANT
TinaKitten,/tinakitten,5197,59.4,54388,11882,1864248,Minecraft
RachtaZ,/rachtaz,2918,192.4,17651,13103,132451,Hunt: Showdown
Aspen,/aspen,3195,165.5,17709,13610,323465,Overwatch
peqitw,/peqitw,5216,58.3,20127,10224,187730,Minecraft
jcorko_,/jcorko_,3024,180.8,34875,23725,703859,Grand Theft Auto V
Dkayed,/dkayed,5970,36.5,21147,1007,209896,Yu-Gi-Oh! Duel Links
FRG_SR,/frg_sr,7129,12.5,7176,5,1282,Casino
SilverName,/silvername,3868,116.1,47383,325,846921,Hearthstone
BadBoyHalo,/badboyhalo,2863,195.4,187142,-1310,2672435,Minecraft
Twitchmedia18,/twitchmedia18,4477,84.9,6061,2,172,Hearthstone
ハイタニ,/haitani0904,4436,86.1,16569,5192,93743,Street Fighter 6
Twitchmedia16,/twitchmedia16,5185,57.6,5747,19,390,Fortnite
MaximusBlack,/maximusblack,2502,237.6,23161,3848,334991,Grand Theft Auto V
Tonton,/tonton,3104,169.8,43194,1146,474446,World of Warcraft
ESL_SC2,/esl_sc2,1049,719.4,57127,3664,392669,StarCraft II
FishAtAce,/fishatace,5241,55.1,5190,3,101,Just Chatting
ade3_3,/ade3_3,3457,140.5,18295,3163,88508,VALORANT
Xayoo_,/xayoo_,6313,26.7,190279,1604,1018856,League of Legends
WELOVEGAMES,/welovegames,3170,163.0,28413,2021,486224,Just Chatting
hitsquadgodfather,/hitsquadgodfather,1043,720.0,3838,1313,122572,Just Chatting
HoneyPuu,/honeypuu,3823,115.4,18028,9044,933307,Just Chatting
Altair,/altair,2935,183.7,11981,1545,107372,Just Chatting
kindalegoat,/kindalegoat,6294,25.9,11989,8286,92331,Just Chatting
GernaderJake,/gernaderjake,2683,210.1,28980,2282,539586,Destiny 2
qlnek,/qlnek,4041,102.2,24731,11279,193751,Fortnite
lol_nemesis,/lol_nemesis,3258,153.0,25820,3661,697025,League of Legends
rubenmartinweb,/rubenmartinweb,4502,79.8,18376,1505,173838,Sports
dota2_paragon_ru3,/dota2_paragon_ru3,5733,38.8,33708,5868,43450,Dota 2
Payo,/payo,2456,238.6,14877,1963,322082,World of Warcraft
Smoke,/smoke,3820,113.7,31955,1772,317491,DayZ
masondota2,/masondota2,3320,147.4,11948,1246,252033,Dota 2
goncho,/goncho,4365,85.4,62766,9626,1332605,Just Chatting
BaityBait,/baitybait,4411,83.3,19859,6326,298781,Just Chatting
湊あくあ_本物,/minatoaquach_hololive,7013,11.2,10084,11178,87073,Palworld
TheMainManSWE,/themainmanswe,3135,162.2,59206,16079,161525,Tekken 7
SolaryHS,/solaryhs,1037,714.2,20855,232,202025,Hearthstone
똘똘똘이_,/jungtaejune,2445,238.6,19685,-213,146016,Just Chatting
keznit1,/keznit1,4509,78.5,21086,10406,375195,VALORANT
byilhann,/byilhann,4511,78.3,23536,48958,383669,Just Chatting
Kaydop,/kaydop,3209,155.1,50600,4079,779037,Rocket League
Zy0xxx,/zy0xxx,4643,72.9,17422,6986,339913,Genshin Impact
MayckonQuerinoCunha,/mayckonquerinocunha,1138,638.6,2994,-1285,4389,Garena Free Fire
LilAggy,/lilaggy,2658,208.7,18687,6916,177586,Sekiro: Shadows Die Twice
c0ker,/c0ker,4683,70.2,8913,14351,333689,Just Chatting
Staryuuki,/staryuuki,3092,162.9,33699,22981,3307663,Just Chatting
Vadeal,/vadeal,3207,153.1,39405,58326,891983,Fortnite
buckefps,/buckefps,3557,127.1,21553,19420,804135,Fortnite
Gladd,/gladd,2154,280.8,116567,670,534548,Destiny 2
dogdog,/dogdog,3965,101.7,31142,-60,641084,Hearthstone
GrenBaud,/grenbaud,3739,114.4,44756,3503,1005636,Just Chatting
DylanteroLIVE,/dylanterolive,5738,35.8,52079,18141,1404176,Just Chatting
KingGeorge,/kinggeorge,2036,302.0,33713,14954,1081055,Tom Clancy's Rainbow Six Siege
Dracon,/dracon,2960,172.9,8762,1181,65454,Just Chatting
Robleis,/robleis,6148,25.7,82090,41464,5765266,Fortnite
CriticalRole,/criticalrole,5084,54.2,212816,5100,1336641,Dungeons & Dragons
rayasianboy,/rayasianboy,3756,112.5,54542,143567,436542,Grand Theft Auto V
파카9999,/paka9999,4057,95.2,47236,367,494677,League of Legends
valorantesports_cn,/valorantesports_cn,4839,61.8,17741,21021,69056,VALORANT
REVENANT,/revenant,3561,123.3,18544,218,464456,Just Chatting
嬌兔,/zrush,2482,223.2,12463,299,261478,Just Chatting
genesisgg_2,/genesisgg_2,6120,24.4,11539,17909,18293,Super Smash Bros. Ultimate
itsSpoit,/itsspoit,4414,76.0,20239,29250,431602,Tom Clancy's Rainbow Six Siege
singsing,/singsing,2716,192.5,24068,85,644045,Dota 2
Nisqyy,/nisqyy,4146,87.7,20429,6139,317847,League of Legends
MrDzinold,/mrdzinold,4132,88.3,23355,22510,562082,Just Chatting
iLame,/ilame,2317,244.4,10780,3836,399676,PUBG: BATTLEGROUNDS
impulseSV,/impulsesv,4984,54.0,9749,11498,342788,Minecraft
1_GO_Casino,/1_go_casino,6928,7.6,7103,1,1277,Casino
ElChiringuitoTV,/elchiringuitotv,2463,222.4,129514,6843,961796,Sports
NickEh30,/nickeh30,3425,128.7,88180,46801,5244105,Fortnite
Doigby,/doigby,4399,75.0,297748,15835,1791260,Fortnite
GagoMS,/gagoms,5557,35.7,29256,11916,256064,Grand Theft Auto V
Ricoy,/ricoy,4316,77.7,57407,406,475741,Rust
renatko,/renatko,4804,58.5,16816,11423,178278,Just Chatting
Squeex,/squeex,3821,101.6,21201,5082,179355,Super Mario 64
KendineMuzisyen,/kendinemuzisyen,6850,7.5,92142,497,2591604,Just Chatting
풍월량,/hanryang1125,2714,187.9,44351,-2320,615979,Just Chatting
Harry,/harry,2313,239.3,20235,1815,165025,Grand Theft Auto V
RebirthzTV,/rebirthztv,2841,173.8,47600,4648,806723,Grand Theft Auto V
StreamerHouse,/streamerhouse,973,720.2,20911,10787,782252,New World
SergioFFerra,/sergiofferra,3317,132.1,22632,6386,174707,VALORANT
CasinoDaddy,/casinodaddy,1594,394.7,17811,1308,201840,Slots
xhocii,/xhocii,4258,77.9,22902,5347,111572,Counter-Strike
metashi12,/metashi12,3512,117.4,38267,1498,208342,World of Warcraft
MataraKan,/matarakan,5837,26.4,44578,7300,180557,Just Chatting
ColtHavok,/colthavok,2816,173.7,9317,12471,224856,Call of Duty: Modern Warfare II
adolfz,/adolfz,4543,65.3,22020,5042,755505,FIFA 22
WDGJAPAN_ow,/wdgjapan_ow,6180,18.5,11126,13082,24798,Overwatch 2
hudson_strms,/hudson_strms,2788,175.9,3094,150,1187,Slots
T2x2,/t2x2,4349,72.9,9567,60282,303433,Just Chatting
aceu,/aceu,3508,116.9,36749,-3259,2904959,Apex Legends
にしのん,/2_nsnn_4,3883,94.5,8895,3753,45359,Grand Theft Auto V
Gssspotted,/gssspotted,3410,122.9,13887,3388,296210,Dota 2
Maximum,/maximum,3155,140.9,161544,109,498144,World of Warcraft
Maghla,/maghla,5459,34.4,36496,10210,903620,Just Chatting
艾怡,/irissiri129,3414,121.4,9396,13559,258410,League of Legends
Grenheir,/grenheir,2324,230.0,14713,8930,218168,Just Chatting
ramzes,/ramzes,5323,37.8,21274,7043,357309,Dota 2
sotibllec,/sotibllec,6699,7.2,8918,2755,105697,Variety
JeefHS,/jeefhs,2335,228.1,4297,4772,34558,Hearthstone
crazyfacetw,/crazyfacetw,3208,135.7,9276,3463,161962,VALORANT
SweeetTails,/sweeettails,6007,20.7,24224,7665,517517,Just Chatting
Sequisha,/sequisha,2241,241.4,58982,1128,396568,Escape from Tarkov
pokimane,/pokimane,6084,18.7,138482,-5049,9333015,Just Chatting
ybicanoooobov,/ybicanoooobov,3543,111.4,24377,1026,669434,Dota 2
Cinderella_TV_,/cinderella_tv_,956,712.5,15311,6845,81171,"Pools, Hot Tubs, and Beaches"
twitchmedia26,/twitchmedia26,5209,40.0,6134,7,192,Just Chatting
noditax19,/noditax19,6729,5.6,8984,10,11,Variety
징버거,/jingburger,6487,9.4,34127,209,310474,Just Chatting
derzko69,/derzko69,4394,66.2,40201,75413,513440,Just Chatting
39daph,/39daph,3680,100.6,44646,-4507,1206114,Art
bruxaofc01,/bruxaofc01,1032,642.9,1986,87,25766,Virtual Casino
sometimepro,/sometimepro,6634,6.3,30022,-372,1049290,VALORANT
GEEGA,/geega,3180,133.6,23866,10217,146148,Just Chatting
Snopey_,/snopey_,3734,97.2,16539,27830,540443,Just Chatting
mazellovvv,/mazellovvv,4872,48.4,18765,12974,1285263,Just Chatting
shanks_ttv,/shanks_ttv,2871,159.0,10221,5103,476452,VALORANT
todomundoptbr,/todomundoptbr,1416,434.9,2179,30381,71929,Just Chatting
Shisheyu_Mayamoto,/shisheyu_mayamoto,3183,131.8,14233,901,129569,The Binding of Isaac: Repentance
Vader,/vader,2477,200.5,36349,1224,462479,Grand Theft Auto V
Cabritoz,/cabritoz,4262,69.8,18307,17313,507361,Just Chatting
FRG_TIPS,/frg_tips,4104,76.4,4764,11,788,Casino
MYM_ALKAPONE,/mym_alkapone,2860,158.0,39163,-254,1153092,Just Chatting
たかやスペシャル,/takayaspecial,2838,160.0,8818,2179,42187,League of Legends
Kyle,/kyle,2505,196.0,28896,-906,517538,Grand Theft Auto V
BobbyPoffGaming,/bobbypoffgaming,1982,276.6,29145,5627,407972,Call of Duty: Warzone
Lobanjicaa,/lobanjicaa,4094,76.3,20952,21492,531449,Counter-Strike
5opka,/5opka,3174,130.4,10482,26362,610231,Just Chatting
番田長助,/banda_chosuke,3110,135.1,29392,9929,109387,Grand Theft Auto V
cindelez,/cindelez,921,719.9,3155,89,491,Variety
aXtLOL,/axtlol,2502,194.9,50764,2148,891982,League of Legends
Lux_Grlx,/lux_grlx,5747,21.7,7110,477,1305,Casino
PlayOverwatch,/playoverwatch,6478,6.6,224005,724,700393,Overwatch
LuanZ7_,/luanz7_,2699,170.9,18383,6643,552366,Grand Theft Auto V
Xop0,/xop0,1042,618.5,7281,29,148362,Just Chatting
KOI,/koi,6314,9.3,51381,267,275876,League of Legends
依渟,/et_1231,2282,220.9,15511,4602,399241,Just Chatting
OniGiri,/onigiri,4156,71.1,18179,10526,193585,Just Chatting
AlphaCast,/alphacast,3095,133.2,52543,1573,621073,Overwatch
FRG_RX,/frg_rx,6055,13.6,6159,4,781,Casino
HusKerrs,/huskerrs,2403,202.4,40962,3593,1184989,Call of Duty: Warzone
LVTHalo,/lvthalo,4378,60.6,25991,3600,66326,Halo Infinite
jujalag,/jujalag,3055,134.6,15879,8261,505410,Just Chatting
Rakin,/rakin,2141,239.2,52992,-1811,1645257,League of Legends
PapeSan,/papesan,4887,42.4,32507,6162,424509,Just Chatting
Genburten,/genburten,2222,226.0,11638,15795,494077,Apex Legends
titanlol1,/titanlol1,5450,26.1,16664,3969,328651,League of Legends
Kxpture,/kxpture,2723,163.4,5501,14725,383831,Call of Duty: Warzone
iskall85,/iskall85,5006,38.2,15856,16821,706844,Minecraft
MesutCanErayy,/mesutcanerayy,4682,48.5,22652,5912,83060,Casino Jackpot
Tomato,/tomato,4021,74.5,9319,539,159204,Minecraft
Popo,/popo,4255,64.2,44378,1107,457703,Just Chatting
Joe_Bartolozzi,/joe_bartolozzi,3487,102.3,15915,25653,1516772,Just Chatting
Lazvell,/lazvell,5417,26.2,28997,4980,332197,VALORANT
gon_vl,/gon_vl,6119,10.3,10898,4529,120028,VALORANT
frametamer666,/frametamer666,4021,73.7,58858,18009,1123565,Just Chatting
LightFuryLF,/lightfurylf,2312,209.7,26832,697,112623,Dota 2
KmSenKangoo,/kmsenkangoo,3795,84.1,30164,10301,485685,Just Chatting
Acie,/acie,2074,245.1,21244,2406,276062,Apex Legends
Felps,/felps,2913,142.1,27059,6170,1454741,Just Chatting
西南69,/kr1stw,2776,154.6,11351,287,69210,Grand Theft Auto V
Twitch,/twitch,5994,11.8,517160,3001,2313963,Talk Shows & Podcasts
哈耿,/ennaouii,3955,74.9,22610,7968,100561,Dead by Daylight
FRG_OL,/frg_ol,3900,77.3,4109,122,1204,Casino
고라니율,/golaniyule0,5020,35.2,16612,6311,316361,Just Chatting
Tixinhadois,/tixinhadois,2126,233.8,39285,8257,465386,VALORANT
Sharkmacedo,/sharkmacedo,3523,97.0,7395,12276,113259,FIFA 21
Strippin,/strippin,2430,190.1,17818,932,329007,League of Legends
FRG_stm,/frg_stm,5983,11.2,7175,5,1281,Casino
tioorochitwitch,/tioorochitwitch,5515,21.5,39634,5854,1512045,Just Chatting
bao,/bao,3174,119.1,22711,12464,505726,Just Chatting
fnmoneymaker,/fnmoneymaker,2754,154.2,18355,98150,508177,Fortnite
Silky,/silky,4655,45.6,16129,3742,439100,Just Chatting
Putupau,/putupau,2387,194.4,21928,2687,440238,Genshin Impact
aspaszin,/aspaszin,5442,22.9,31319,11683,714108,VALORANT
twitchmedia43,/twitchmedia43,5220,28.5,5735,1,72,Dota 2
Deadlyslob,/deadlyslob,2768,152.1,104568,186,413183,Escape from Tarkov
IAM_XQ,/iam_xq,2210,218.5,11601,11713,161183,Overwatch
IQ200YukaF,/iq200yukaf,2537,175.6,9499,10905,140907,Apex Legends
by_Owl,/by_owl,3123,121.6,27558,8454,508201,Just Chatting
猫麦とろろ,/tororo_vtuber,2275,208.2,16031,6130,474544,Escape from Tarkov
orkpod,/orkpod,2787,149.5,10037,4473,240840,World of Warcraft
DVM_Medja,/dvm_medja,3259,111.7,59867,10202,344428,Grand Theft Auto V
aXoZer,/axozer,2217,216.0,557151,19096,2876766,Just Chatting
Santutu,/santutu,5350,24.5,27360,10860,736437,Just Chatting
PimentoIa,/pimentoia,966,639.0,5265,133,10138,Virtual Casino
unsympathisch_tv,/unsympathisch_tv,5364,24.0,37982,4493,1190466,Just Chatting
FRG_RV,/frg_rv,5651,17.0,7097,14,1291,Casino
agustin51,/agustin51,3770,80.8,33345,18422,1054695,Fortnite
MLS,/mls,5971,10.0,63555,483,46245,Sports
VEGETTA777,/vegetta777,4589,46.1,66389,40077,2397695,Counter-Strike
TheRunningManZ,/therunningmanz,2824,144.1,10645,2608,342074,DayZ
SMii7Y,/smii7y,5238,26.4,22668,24056,1268346,Call of Duty: Warzone
Manyrin,/manyrin,3358,102.5,29524,1489,537672,Just Chatting
MrChoco,/mrchoco,2322,197.4,21720,5933,172386,Dota 2
Bawkbasoup,/bawkbasoup,2035,240.8,23018,1137,180654,Resident Evil 3: Nemesis
LCS_Challengers,/lcs_challengers,2939,132.5,187007,3497,352932,League of Legends
ManuuXO,/manuuxo,2862,138.8,11154,4046,312971,Just Chatting
Steelmage,/steelmage,3253,108.4,27882,3651,162933,Path of Exile
FargoBossx,/fargobossx,6079,6.2,6167,6,780,Casino
NAKOO_Fn,/nakoo_fn,2937,131.3,35326,12843,789708,Fortnite
Ebonivon,/ebonivon,4711,39.8,13613,13886,651852,Just Chatting
omie,/omie,3577,87.2,22877,4613,255024,Grand Theft Auto V
ESL_Dota2Earth,/esl_dota2earth,4660,41.1,61604,5116,103564,Dota 2
RTP Arena CS:GO,/rtparenacsgo,2605,161.2,56288,2400,230997,Counter-Strike
TooseFN,/toosefn,3708,79.9,18759,15790,606217,Fortnite
ゆふな,/yufuna,2029,237.9,24456,2030,187703,Apex Legends
mazzatomas,/mazzatomas,3833,73.3,28514,50511,593771,Just Chatting
ととみっくす,/tototmix,2507,170.6,13414,15896,78274,Grand Theft Auto V
UniversoReality_02,/universoreality_02,5602,14.9,11811,2364,36159,Just Chatting
Grimmmz,/grimmmz,1884,261.9,26085,4349,1052619,Escape from Tarkov
jasontheween,/jasontheween,2888,132.2,8255,11010,234180,Just Chatting
oozie,/oozie,1767,285.3,9688,24029,176345,Tom Clancy's Rainbow Six Siege
懶貓,/failverde,1469,365.5,24430,3995,285331,Just Chatting
The_Happy_Hob,/the_happy_hob,2608,156.9,24909,624,334787,DARK SOULS III
zwebackhd,/zwebackhd,3016,120.5,12161,2033,366582,FIFA 23
Aenot,/aenot,2314,190.2,13178,5902,155926,Grand Theft Auto V
SheefGG,/sheefgg,1776,281.2,47501,8302,128306,Escape from Tarkov
maxim,/maxim,2997,121.1,21262,1928,474002,Teamfight Tactics
agurin,/agurin,2174,208.9,28222,2539,380530,League of Legends
coscu,/coscu,3566,83.8,425659,2533,3869238,League of Legends
괴물쥐123,/tmxk319,2715,144.5,73569,-51,924349,League of Legends
ElmiilloR,/elmiillor,3317,97.8,47655,105,848644,League of Legends
Im_Dontai,/im_dontai,2991,120.5,46789,6944,1829691,Just Chatting
한동숙,/handongsuk,2152,210.7,166223,-1224,656281,League of Legends
Mathil1,/mathil1,2255,195.7,28388,1079,370904,Path of Exile
AdmiralBulldog,/admiralbulldog,3187,105.7,56253,-145,788980,Dota 2
betboom_cs_a,/betboom_cs_a,3077,113.4,32978,10012,275266,Counter-Strike
forg1,/forg1,2012,231.6,46026,1929,202818,Counter-Strike
AnthonyZ,/anthonyz,2838,131.8,32911,1523,615402,Grand Theft Auto V
paivinha29,/paivinha29,3008,118.0,9994,6459,268923,FIFA 22
BanduraCartel,/banduracartel,4483,42.6,23581,18291,461350,Just Chatting
Limmy,/limmy,3197,104.3,6696,2029,472010,Just Chatting
aypierre,/aypierre,3842,68.2,17055,2024,470027,Minecraft
Mortdog,/mortdog,3736,73.1,15598,3087,262457,Teamfight Tactics
Pestily,/pestily,3347,94.1,244422,570,1357103,Escape from Tarkov
Carola,/carola,3396,91.0,79320,9905,1724231,Just Chatting
Nadia,/nadia,4511,40.8,31095,-2981,1165715,Call of Duty: Warzone
lydiaviolet,/lydiaviolet,4617,37.2,8081,1910,337707,Just Chatting
DMITRY_BALE,/dmitry_bale,1967,236.8,15303,4875,129457,Escape from Tarkov
Twitchmedia13,/twitchmedia13,4496,40.8,5520,1,152,Rocket League
yeTz,/yetz,2848,127.9,30556,2960,920578,League of Legends
FuuRy_Off,/fuury_off,3365,91.1,17255,14708,307293,Rocket League
ForexNowTV,/forexnowtv,5039,23.6,6119,7,58,Just Chatting
TFToddy,/tftoddy,2460,163.8,11484,1416,95797,Teamfight Tactics
robinsongz,/robinsongz,3298,93.2,13193,2915,130214,Teamfight Tactics
Kaysan,/kaysan,4379,42.8,17550,4836,206119,Grand Theft Auto V
dota2_paragon_ru4,/dota2_paragon_ru4,4488,39.0,33634,7227,36489,Dota 2
n3koglai,/n3koglai,5472,11.6,543743,-4511,2595574,Just Chatting
Poloteli,/poloteli,2319,177.8,19620,1698,151933,Just Chatting
fobm4ster,/fobm4ster,2146,200.3,6022,3418,144058,Genshin Impact
Giantwaffle,/giantwaffle,2252,184.9,36922,-236,855919,Minecraft
PeachJars,/peachjars,4233,46.3,11770,9608,150514,Just Chatting
blau,/blau,2288,179.9,36147,4089,452266,Grand Theft Auto V
Sabeky,/sabeky,4806,27.5,6559,2,3,Casino
unicornio,/unicornio,4554,35.0,25184,18581,1162378,Just Chatting
SKILLZ0R1337,/skillz0r1337,3078,104.2,30904,4929,279320,Just Chatting
NBA2KLeague,/nba2kleague,4874,24.5,194136,993,232232,NBA 2K22
BigBossBoze,/bigbossboze,5050,19.8,13809,3377,326713,Just Chatting
一ノ瀬うるは,/uruhaichinose,4171,46.6,11764,5101,236137,VALORANT
HimoHuk,/himohuk,4076,50.0,3921,6,6,Casino
twitchmedia4,/twitchmedia4,4382,38.6,320,0,177,Variety
DreadzTV,/dreadztv,2851,118.9,51454,328,698517,Dota 2
Criticas_QLS,/criticas_qls,4431,36.8,30790,6917,292127,Just Chatting
spokoynich_,/spokoynich_,4206,44.5,17102,16535,215597,Dota 2
しんじさん,/shinjifromjapanxd,2738,127.5,23665,2428,153744,Just Chatting
cameliaaa92,/cameliaaa92,4181,45.1,72957,7966,501266,Grand Theft Auto V
helydia,/helydia,2758,125.6,6556,57813,318674,VALORANT
PietSmiet,/pietsmiet,3236,90.5,125743,812,788450,Just Chatting
さくらみこ,/sakuramiko_hololive,5274,12.4,17284,3918,317322,Watch Parties
AlveusSanctuary,/alveussanctuary,783,719.8,11846,7428,165171,"Animals, Aquariums, and Zoos"
接接,/godjj,3881,56.5,23192,148,371924,League of Legends
赤鬼伯伯,/akaonikou1207,3306,85.1,23628,13922,395755,Just Chatting
花輪同學,/gearbaby1010,2527,145.6,20543,1407,288095,Teamfight Tactics
twitchmedia54,/twitchmedia54,5255,11.9,5693,4,33,Just Chatting
JakeWebber69,/jakewebber69,5432,7.9,9032,31834,260047,Just Chatting
Cydonia_Chiara,/cydonia_chiara,2875,113.6,19473,2552,166837,Just Chatting
twitchmedia6,/twitchmedia6,4715,26.0,1482,0,208,Teamfight Tactics
Alinity,/alinity,2937,108.4,31473,356,1500189,Just Chatting
AmazonMusicJP,/amazonmusicjp,5275,11.0,54680,2004,106069,Music
xbuyeroficial,/xbuyeroficial,5258,11.4,20294,11299,189163,Sports
xFibii,/xfibii,2944,107.5,20548,16797,749184,VALORANT
宙星ぱる,/soraposhich,1985,213.1,14639,2993,83916,Grand Theft Auto V
UncleBjorn,/unclebjorn,2305,167.5,10119,2295,155688,World of Warcraft
cloakzy,/cloakzy,3374,79.1,67285,-422,2860754,Call of Duty: Warzone
Heideltraut,/heideltraut,1760,253.4,6406,630,182005,Grand Theft Auto V
Castro_1021,/castro_1021,4044,47.4,180269,435,3726890,FIFA 20
Danila_Gorilla,/danila_gorilla,4532,29.9,39820,11367,570483,Just Chatting
Hitch,/hitch,3388,77.5,5912,5400,136040,Just Chatting
Stoopzz,/stoopzz,2844,113.3,14221,1528,184201,Lost Ark
TeamfightTactics,/teamfighttactics,3143,91.6,46863,6190,200846,Teamfight Tactics
PRXf0rsakeN,/prxf0rsaken,4831,20.7,19218,13469,589261,VALORANT
NoraExplorer,/noraexplorer,2658,128.1,26204,4218,189891,Rust
FitMC,/fitmc,3735,58.8,21494,3633,320292,Minecraft
Dakillzor,/dakillzor,1860,229.7,23643,2481,233684,World of Tanks
StaysafeTV,/staysafetv,1816,238.0,25624,1266,238747,World of Warcraft
FerretSoftware,/ferretsoftware,762,720.0,6326,10655,49432,"Animals, Aquariums, and Zoos"
Dekarldent,/dekarldent,3183,87.9,13422,2143,85994,Just Chatting
el_yuste,/el_yuste,3009,98.5,26362,1016,174188,Just Chatting
MissaSinfonia,/missasinfonia,5268,8.6,89852,3200,4019959,Just Chatting
Heroes_Hub,/heroes_hub,2359,156.2,4969,1329,12084,Heroes of Might and Magic III: The Restoration of Erathia
BOOMBURAPA,/boomburapa,3000,98.7,25386,1953,126694,VALORANT
fugu_fps,/fugu_fps,2913,104.5,16632,26816,354184,Apex Legends
LityGal,/litygal,3809,53.8,3841,10,10,Casino
LCO,/lco,3468,69.9,21322,3245,50269,League of Legends
SPYGEA,/spygea,3639,61.3,60772,1089,609729,PUBG: BATTLEGROUNDS
Smurf_tv,/smurf_tv,2422,147.7,7863,2242,98079,League of Legends
Xari,/xari,2641,126.0,53814,-84,408371,Just Chatting
FolagorLives,/folagorlives,3187,85.4,57813,75,1602369,Grand Theft Auto V
PSP1G,/psp1g,1891,219.4,6716,4455,85365,Counter-Strike
Gosu,/gosu,2990,97.6,24325,5712,2022272,League of Legends
jaystreazy,/jaystreazy,1491,307.2,8371,758,111039,Just Chatting
sabrinoca,/sabrinoca,1425,326.3,6249,2336,54818,League of Legends
マクドナルドさん,/light_starboy,3019,95.3,8743,6475,58087,Grand Theft Auto V
daltoosh,/daltoosh,2139,179.3,30181,1658,763457,Apex Legends
소람잉,/sorammmm,4965,13.9,21042,1174,292464,League of Legends
bysTaXx,/bystaxx,3305,76.5,269907,550,2210512,Counter-Strike
Flight23white,/flight23white,4567,24.7,106892,5856,2173440,NBA 2K19
Luxy_grlx,/luxy_grlx,5106,9.9,5987,23,785,Casino
skain,/skain,2523,133.5,27237,3563,213741,League of Legends
LuluLuvely,/lululuvely,2622,124.2,32590,2590,1337297,Apex Legends
Guzu,/guzu,2377,148.4,12172,1594,166303,World of Warcraft
Wirtual,/wirtual,3876,48.0,27792,2638,423842,Trackmania
DansGaming,/dansgaming,2260,161.3,58718,162,842271,Path of Exile
deepins02,/deepins02,3579,60.6,126995,14675,1602065,Just Chatting
けんき,/kenki521,2426,141.9,24977,6231,233712,Just Chatting
RaizQT,/raizqt,1461,308.9,15185,3156,202213,Path of Exile
Luxury_qq,/luxury_qq,5084,9.5,5176,14,792,Casino
maumauzk_ofc,/maumauzk_ofc,4569,23.0,20226,9940,333241,Grand Theft Auto V
Closer,/closer,3745,52.4,17070,3922,326624,League of Legends
aikobliss,/aikobliss,1578,276.6,8064,6584,135565,Just Chatting
shipbroman,/shipbroman,4177,35.3,13034,18354,188471,Apex Legends
TrashTalkFr,/trashtalkfr,5018,10.8,28295,1733,99158,Sports
Mynthos,/mynthos,2808,106.4,20056,2064,272216,The Binding of Isaac: Repentance
twitchmedia5,/twitchmedia5,4724,18.1,5554,0,123,Just Chatting
Terablade,/terablade,2093,180.4,5128,2383,62717,Hearthstone
Move_Mind,/move_mind,2979,93.2,23185,2750,262952,Grand Theft Auto V
JohnPanio,/johnpanio,5039,9.7,47316,-163,1218260,ROBLOX
Fandy,/fandy,2967,93.4,25622,11308,304797,World of Warcraft
betboom_cs_b,/betboom_cs_b,3009,90.4,54935,6031,181457,Counter-Strike
Ray,/ray,2881,99.2,26625,902,592596,Just Chatting
luchogal_10,/luchogal_10,5136,6.8,6119,11,20,Call of Duty: Warzone
RMCsport,/rmcsport,2337,147.9,147297,30671,389843,Sports
anny,/anny,3709,52.1,9650,5062,353349,Just Chatting
ZealsAmbitions,/zealsambitions,1935,201.5,26665,1130,289240,Lost Ark
しゃるる,/syaruru3,1768,230.4,17787,2436,101507,League of Legends
DisguisedToast,/disguisedtoast,3583,57.5,62896,-1256,2839712,Hearthstone
shxtou,/shxtou,3384,66.8,34406,10481,1243564,Just Chatting
jLcs2,/jlcs2,4860,12.7,33777,15547,96683,Counter-Strike
ELoTRiX,/elotrix,2947,92.6,77178,2586,1618951,Just Chatting
Luxy_grl,/luxy_grl,4952,9.9,5068,21,794,Casino
Ravanha69,/ravanha69,739,698.0,1261,25,14919,Virtual Casino
lilsimsie,/lilsimsie,3457,61.8,23436,3691,826289,The Sims 4
ale_apoka,/ale_apoka,723,715.0,25412,5179,333862,Counter-Strike
Sanchovies,/sanchovies,2075,176.9,15588,1889,379496,League of Legends
SkipNhO,/skipnho,2681,111.7,54389,-104,1283046,PUBG: BATTLEGROUNDS
OskarWesterlin,/oskarwesterlin,2487,128.5,13976,9147,84980,Call of Duty: Warzone
Thijs,/thijs,2718,108.0,44931,-331,793568,Hearthstone
poderosobagual,/poderosobagual,2192,160.5,21404,14470,407545,Grand Theft Auto V
Zerost_s,/zerost_s,2086,174.0,10717,4663,94915,League of Legends
chibidoki,/chibidoki,2445,132.0,7789,35284,398723,Just Chatting
FRG_FFS,/frg_ffs,4930,9.5,5060,2,778,Casino
HaiseT,/haiset,2454,130.9,7993,3876,117095,Just Chatting
KarmineCorp,/karminecorp,4789,12.8,20406,10550,63896,Teamfight Tactics
bbreadman,/bbreadman,2110,169.9,6875,4137,174109,Call of Duty: Warzone
PrimeLeague,/primeleague,2240,153.6,78016,1079,214239,League of Legends
TomateKing,/tomateking,2848,96.8,40012,2656,174202,Grand Theft Auto V
SypherPK,/sypherpk,2842,97.2,151092,23765,6832707,Fortnite
綠茶,/greentea,1653,246.3,3770,1000,141493,Teamfight Tactics
jukes,/jukes,3647,50.8,34974,2398,1833200,League of Legends
DivaJilly,/divajilly,1204,379.3,10310,14131,46866,Grand Theft Auto V
Frodan,/frodan,2186,158.7,11226,4784,92504,Teamfight Tactics
TheJRM_,/thejrm_,2514,123.2,6753,5221,394149,Dead by Daylight
twitchmedia50,/twitchmedia50,4503,19.4,4880,0,122,Hearthstone
けっつん,/kettuncyukyuhei,1768,221.1,16680,3015,40585,Grand Theft Auto V
Chavo8TV,/chavo8tv,706,720.3,1398,13430,102620,El Chavo
casinomomoreis,/casinomomoreis,3668,48.9,6822,7830,83736,Casino Jackpot
akyuliych,/akyuliych,4746,12.5,20979,17135,902186,Just Chatting
absoluttlol,/absoluttlol,2015,178.7,11471,1342,153982,League of Legends
carolinekwan,/carolinekwan,2524,120.2,32454,5822,111688,Just Chatting
CALCIOBERLIN,/calcioberlin,4493,18.7,13207,2202,87254,Sports
CreamTheRabbit,/creamtherabbit,3836,40.9,5896,45,1012840,ROBLOX
白波らむね,/ramuneshiranami,2338,137.7,7726,6600,154886,VALORANT
kristinadaniellexo,/kristinadaniellexo,2127,162.3,3580,3718,255444,ASMR
たここちゃん,/takoko_vtuber,1788,214.1,17518,6591,109413,Grand Theft Auto V
MauriceWeber,/mauriceweber,2585,113.2,11781,4685,117637,Just Chatting
Bugha,/bugha,3261,66.5,84747,29114,5491905,Fortnite
GuDDummit,/guddummit,2213,150.4,8057,1766,72733,Hearthstone
Rakyz,/rakyz,2877,89.9,10488,1479,197747,League of Legends
influesii753,/influesii753,4748,10.6,22729,5334,248305,Just Chatting
Calebhart42,/calebhart42,1995,178.3,18309,903,212368,FINAL FANTASY VII
RoyalPhunk,/royalphunk,2509,119.0,23104,1207,277010,Just Chatting
AlinaRinRin,/alinarinrin,3442,56.6,28384,9662,363792,Just Chatting
MokrySuchar,/mokrysuchar,2511,118.0,20142,3059,208252,Just Chatting
DeraJN,/derajn,2254,143.7,12115,1771,70555,Marvel Snap
Ilytog,/ilytog,2313,137.2,2992,61,61,Casino
Carpentieri,/carpentieri,2390,129.1,6571,5314,143011,FIFA 23
Werlyb,/werlyb,2951,83.2,76653,1849,778642,League of Legends
superjj102,/superjj102,2309,137.1,10973,416,164096,Hearthstone
paradeev1ch,/paradeev1ch,4874,6.5,81966,3791,1780344,Just Chatting
冠緯,/guanweiboy,3113,72.6,34791,507,130423,League of Legends
FarfadoxVEVO,/farfadoxvevo,3244,65.1,80328,9043,1606980,Minecraft
evaanna,/evaanna,2613,107.5,39110,3941,739556,Just Chatting
MenosTrece,/menostrece,2567,111.3,47821,3023,1200739,Dead by Daylight
xChocoBars,/xchocobars,2031,170.0,60017,3199,984883,League of Legends
LuxuryGirl_STRM,/luxurygirl_strm,4577,13.5,4684,29,806,Casino
MasterSnakou,/mastersnakou,2863,88.0,19278,2388,641241,Just Chatting
KarmikKoala,/karmikkoala,2073,163.8,10744,2452,212441,DARK SOULS III
たいじ_たいちゃんねる,/yaritaiji,4546,14.2,12788,970,39169,Street Fighter 6
llunaclark,/llunaclark,3349,58.8,10741,13434,388242,Just Chatting
HappyHappyGal,/happyhappygal,1979,176.3,6922,16287,106167,Fortnite
Moonryde,/moonryde,1988,174.9,77473,2193,659363,Call of Duty: Warzone
AlphaKep,/alphakep,2226,143.7,6016,7805,237365,Rocket League
KeshaEuw,/keshaeuw,3076,73.3,9174,12602,483147,League of Legends
jessirocks,/jessirocks,2324,132.6,71675,1925,220735,Diablo III
FifaTargrean,/fifatargrean,1732,215.6,14433,973,505151,Just Chatting
FRG_gj,/frg_gj,4649,10.6,4697,7,1280,Casino
F1NN5TER,/f1nn5ter,4608,11.7,16358,2703,728382,Just Chatting
Rainbow6FR,/rainbow6fr,2517,113.0,15847,2825,191129,Tom Clancy's Rainbow Six Siege
diegogelio_,/diegogelio_,4217,22.6,20144,7169,78642,Just Chatting
QuarterJade,/quarterjade,3577,46.2,45305,1479,1143056,VALORANT
ta1yo_tv,/ta1yo_tv,2657,100.6,30960,4668,268736,Overwatch
Cinna,/cinna,3126,68.7,17187,6327,140219,Just Chatting
elwycco,/elwycco,3309,58.7,13692,763,238267,Just Chatting
jimbofnt,/jimbofnt,2900,82.6,6050,-956,5891,Fortnite
HitboTC,/hitbotc,1850,192.4,15810,3723,159903,Sea of Thieves
Trey24k,/trey24k,1846,192.9,33588,2610,220652,Escape from Tarkov
QAVIVI,/qavivi,1959,175.3,3690,64,18360,Dota 2
sweetdreams,/sweetdreams,3501,48.7,35754,-494,833456,Apex Legends
emilyywang,/emilyywang,2677,97.8,16453,2079,220805,Teamfight Tactics
Dekkster,/dekkster,2513,110.9,30261,1163,125961,Hearthstone
yamatosdeath,/yamatosdeath,2536,108.5,17044,3293,240193,League of Legends
台北建東,/jd_onlymusic,2689,96.0,16130,330,45949,Just Chatting
踢虧,/takesipon,2148,148.1,18587,767,127306,Dead by Daylight
LaAgusneta,/laagusneta,2036,162.2,14684,11858,301976,Just Chatting
lucasjack89,/lucasjack89,3130,66.6,12624,8094,72965,League of Legends
是喬希啊,/josie5297,2930,78.4,19427,6285,106111,Just Chatting
1wron3k,/1wron3k,2807,86.4,12484,33651,194051,Just Chatting
kukudota2,/kukudota2,1768,202.3,14472,3513,55488,Dota 2
scormal,/scormal,4682,7.2,5164,1,71,Variety
BUXEXA_AO_VIVO,/buxexa_ao_vivo,2011,164.2,2077,830,1786,Slots
nihmune,/nihmune,3745,36.8,10781,4479,308597,Just Chatting
Agustabell212,/agustabell212,2252,134.5,33230,359,237333,Rust
アマル,/amal_3rd,1831,190.6,12643,2056,55154,Grand Theft Auto V
SlotHustla,/slothustla,1489,259.8,1711,12346,20134,Slots
JapaneseKoreanUG,/japanesekoreanug,2084,153.9,22020,4610,132910,League of Legends
Saintone,/saintone,1265,324.8,18434,-249,157561,Lost Ark
Juice,/juice,1795,196.0,8350,1248,116511,Just Chatting
Luxry_Fly,/luxry_fly,4660,7.1,4672,15,786,Casino
TFBlade,/tfblade,2200,139.0,53026,-2268,1245433,League of Legends
JakuLak,/jakulak,4005,26.2,6353,3,3,Casino
ravusssss,/ravusssss,2035,159.0,27437,8494,207491,FIFA 21
恭一郎,/dmf_kyochan,1429,273.2,17821,1489,289992,Apex Legends
FRGxy,/frgxy,4630,7.3,4744,2,778,Casino
ibrahimtv_2434,/ibrahimtv_2434,3854,31.0,11426,5111,92605,League of Legends
Eyou_TV,/eyou_tv,4530,9.5,10727,2837,55264,Just Chatting
MST3K,/mst3k,658,717.6,19785,425,92984,Mystery Science Theater 3000
OpytAju,/opytaju,3399,49.3,3999,2,2,Casino
kyo1984123,/kyo1984123,1449,264.7,12609,-689,167795,Just Chatting
Vovapain,/vovapain,2703,90.4,17182,4859,233598,Dota 2
elyihi,/elyihi,2608,97.5,8060,879,69545,Sports
梓澪與村長,/s201111,3045,67.5,8465,12895,228305,Just Chatting
twitchmedia28,/twitchmedia28,4360,13.3,5192,7,428,Fortnite
Trebor,/trebor,3801,31.5,11202,24529,459715,Brawl Stars
nacho_dayo,/nacho_dayo,3042,67.0,11895,5307,383312,VALORANT
